City,Lat,Lng,Max Temp,Humidity,Cloudiness,Wind Speed,Country,Date
Kaitangata,-46.2817,169.8464,52.0,92,99,3.0,NZ,1612894451
Nikolskoye,59.7035,30.7861,7.0,85,98,4.47,RU,1612894459
Mitsamiouli,-11.3847,43.2844,82.74,77,91,14.97,KM,1612894493
Morón,-34.6534,-58.6198,72.0,78,90,10.36,AR,1612894494
Athens,37.9795,23.7162,63.0,63,20,2.3,GR,1612894239
Vaini,-21.2,-175.2,80.6,89,90,21.85,TO,1612894444
Tilichiki,60.4667,166.1,16.83,94,100,12.06,RU,1612894494
Tuktoyaktuk,69.4541,-133.0374,-40.0,74,20,9.22,CA,1612894458
Cherskiy,68.75,161.3,-2.02,84,0,3.42,RU,1612894462
Leningradskiy,69.3833,178.4167,-25.92,83,18,10.65,RU,1612894495
Cape Town,-33.9258,18.4232,73.0,83,20,21.85,ZA,1612894443
Qaanaaq,77.484,-69.3632,17.78,73,9,4.36,GL,1612894471
Gambēla,8.25,34.5833,86.67,22,54,2.15,ET,1612894496
Mogadishu,2.0371,45.3438,77.58,77,89,25.41,SO,1612894496
Barrow,71.2906,-156.7887,-31.0,85,1,13.8,US,1612894346
Mountain Home,43.133,-115.6912,35.6,60,90,3.44,US,1612894497
Bac Lieu,9.285,105.7244,75.67,87,24,7.99,VN,1612894497
Castro,-24.7911,-50.0119,75.83,48,24,2.59,BR,1612894467
Palmer,42.1584,-72.3287,28.99,86,90,5.75,US,1612894498
Laguna,38.421,-121.4238,57.2,72,75,2.37,US,1612894499
Nāgaur,27.2,73.7333,66.65,23,81,5.73,IN,1612894499
Santa Isabel Rio Negro,-0.4139,-65.0192,93.06,49,93,5.12,BR,1612894499
Dalvik,65.9702,-18.5286,24.8,93,90,2.3,IS,1612894499
Okha,53.5739,142.9478,0.3,93,53,8.23,RU,1612894499
Lebedinyy,58.5167,125.5167,2.16,93,100,1.21,RU,1612894500
Port Alfred,-33.5906,26.891,73.0,88,1,2.64,ZA,1612894462
Evensk,61.95,159.2333,17.38,89,81,26.62,RU,1612894337
Egvekinot,66.3167,-179.1667,-11.96,76,90,9.19,RU,1612894501
Bredasdorp,-34.5322,20.0403,72.0,77,0,5.57,ZA,1612894453
Lebu,-37.6167,-73.65,68.7,63,0,15.03,CL,1612894501
Mataura,-46.1927,168.8643,47.95,96,97,5.35,NZ,1612894444
Filingué,14.3521,3.3168,81.68,11,0,7.63,NE,1612894502
Jamestown,42.097,-79.2353,26.01,86,90,5.75,US,1612894502
Mossamedes,-15.1961,12.1522,73.94,75,61,9.55,AO,1612894448
Pareora,-44.4871,171.2132,52.0,97,100,7.0,NZ,1612894503
Celestún,20.8667,-90.4,82.92,62,10,4.92,MX,1612894503
Katsuura,35.1333,140.3,37.99,41,20,9.22,JP,1612894450
Rikitea,-23.1203,-134.9692,78.24,71,51,6.82,PF,1612894449
Lorengau,-2.0226,147.2712,81.86,77,83,4.79,PG,1612894504
Hokitika,-42.7167,170.9667,54.68,85,99,3.53,NZ,1612894505
San Policarpo,12.1791,125.5072,78.31,88,100,20.24,PH,1612894506
Pevek,69.7008,170.3133,-2.34,73,1,4.43,RU,1612894478
Chui,-33.6971,-53.4616,75.18,69,1,9.48,UY,1612894475
Vardø,70.3705,31.1107,23.0,74,75,20.71,NO,1612894453
Gamba,-2.65,10.0,77.94,87,100,5.3,GA,1612894508
Ouallam,14.3188,2.0866,84.74,11,0,10.16,NE,1612894508
Saint Paul Harbor,57.79,-152.4072,30.2,80,90,4.47,US,1612894508
Elizabeth City,36.2946,-76.2511,68.0,64,1,11.5,US,1612894509
Kandrian,-6.2167,149.55,79.88,81,100,7.23,PG,1612894509
Labuhan,-6.8844,112.2051,78.19,86,100,9.6,ID,1612894460
Cidreira,-30.1811,-50.2056,77.81,73,0,15.03,BR,1612894461
Dikson,73.5069,80.5464,-28.48,87,97,9.44,RU,1612894461
Benguela,-12.5763,13.4055,78.78,74,63,6.24,AO,1612894510
Torbay,47.6666,-52.7314,33.01,93,90,36.82,CA,1612894470
Nemuro,43.3236,145.575,20.64,89,5,22.06,JP,1612894396
Teya,60.3778,92.6267,-2.65,85,100,12.1,RU,1612894511
Atambua,-9.1061,124.8925,75.24,88,100,1.97,ID,1612894511
El Campo,29.1966,-96.2697,72.0,83,90,6.04,US,1612894512
Arraial do Cabo,-22.9661,-42.0278,78.8,69,75,13.8,BR,1612894463
Airai,-8.9266,125.4092,61.56,100,100,2.39,TL,1612894471
Trenggalek,-8.05,111.7167,75.33,86,100,2.82,ID,1612894513
Mar del Plata,-38.0023,-57.5575,69.8,64,40,17.27,AR,1612894466
Longyearbyen,78.2186,15.6401,14.0,73,75,5.75,SJ,1612894186
Bluff,-46.6,168.3333,51.73,86,87,11.65,NZ,1612894447
College,64.8569,-147.8028,-25.6,62,20,5.75,US,1612894405
Punta Arenas,-53.15,-70.9167,68.0,52,0,6.91,CL,1612894227
Hermosillo,29.0667,-110.9667,75.99,18,1,5.75,MX,1612894503
Acapulco de Juárez,16.8634,-99.8901,84.2,61,1,8.05,MX,1612894359
Busselton,-33.65,115.3333,57.74,69,41,5.21,AU,1612894442
Saskylakh,71.9167,114.0833,-24.03,81,0,8.25,RU,1612894514
Awjilah,29.1081,21.2869,64.2,26,48,7.87,LY,1612894515
Clyde River,70.4692,-68.5914,3.2,92,20,27.63,CA,1612894464
Sembakung,3.8167,117.25,74.88,97,42,1.12,ID,1612894515
Broken Hill,-31.95,141.4333,73.4,27,0,5.75,AU,1612894516
Hermanus,-34.4187,19.2345,72.0,77,0,7.85,ZA,1612894456
Lewistown,40.5992,-77.5714,30.99,93,90,2.8,US,1612894516
Pemangkat,1.1667,108.9667,77.77,88,48,5.48,ID,1612894516
Pomabamba,-8.8333,-77.4667,66.33,37,29,3.96,PE,1612894517
Cabo San Lucas,22.8909,-109.9124,73.0,53,1,8.05,MX,1612894184
Faanui,-16.4833,-151.75,81.86,73,3,14.81,PF,1612894517
Puerto Ayora,-0.7393,-90.3518,81.0,83,90,11.5,EC,1612894445
Ushuaia,-54.8,-68.3,64.4,55,20,4.61,AR,1612894445
Hualmay,-11.0964,-77.6139,76.86,67,78,10.69,PE,1612894469
Moindou,-21.6924,165.677,73.4,100,75,3.44,NC,1612894518
Romanovo,52.6182,81.2271,-0.71,91,99,17.58,RU,1612894519
Albany,42.6001,-73.9662,28.0,86,100,1.59,US,1612894448
Opelousas,30.5335,-92.0815,69.01,77,75,5.75,US,1612894257
Dudinka,69.4058,86.1778,-17.84,88,15,10.09,RU,1612894519
Srīvardhan,18.0333,73.0167,73.56,43,0,5.95,IN,1612894520
Katangli,51.7102,143.2326,4.77,93,98,12.46,RU,1612894520
Zhigalovo,54.8097,105.1578,24.46,96,100,4.52,RU,1612894520
Ribeira Grande,38.5167,-28.7,62.6,94,75,26.46,PT,1612894445
Kruisfontein,-34.0033,24.7314,71.01,83,0,1.01,ZA,1612894521
New Norfolk,-42.7826,147.0587,51.01,65,66,1.23,AU,1612894521
Vila,42.0304,-8.1588,44.01,95,96,15.99,PT,1612894521
Tuatapere,-46.1333,167.6833,50.09,90,94,5.3,NZ,1612894522
Taoudenni,22.6783,-3.9836,73.98,17,0,7.83,ML,1612894522
Manicoré,-5.8092,-61.3003,75.7,97,100,3.18,BR,1612894522
Āsosa,10.0667,34.5333,68.76,25,36,3.15,ET,1612894523
Mount Gambier,-37.8333,140.7667,53.6,94,0,4.54,AU,1612894444
Tehachapi,35.1322,-118.449,51.01,40,100,5.99,US,1612894523
Butaritari,3.0707,172.7902,81.1,81,11,16.46,KI,1612894442
Atuona,-9.8,-139.0333,79.27,76,12,18.57,PF,1612894441
La Ronge,55.1001,-105.2842,-20.2,57,100,12.66,CA,1612894524
Ifakara,-8.1333,36.6833,74.46,92,100,5.48,TZ,1612894524
Tiarei,-17.5333,-149.3333,82.4,65,20,2.3,PF,1612894524
Kaabong,3.4836,34.1492,72.46,53,97,12.71,UG,1612894524
Vanimo,-2.6741,141.3028,78.22,84,85,3.42,PG,1612894452
East London,-33.0153,27.9116,74.25,68,0,5.57,ZA,1612894462
La Libertad,-2.2333,-80.9,82.4,74,0,9.22,EC,1612894525
Ocampo,21.65,-101.5,68.5,24,0,1.81,MX,1612894526
Balikpapan,-1.2675,116.8289,76.57,91,63,1.28,ID,1612894527
Sosnovka,56.255,51.2842,-6.14,91,73,4.92,RU,1612894527
Río Gallegos,-51.6226,-69.2181,75.2,41,40,9.22,AR,1612894476
Polovinnoye,54.7914,65.9864,-14.49,88,99,11.43,RU,1612894528
Broome,42.2506,-75.833,28.0,80,90,3.44,US,1612894528
Yashkul',46.1711,45.3435,33.96,94,100,20.54,RU,1612894529
Shingū,33.7333,135.9833,36.48,82,5,5.7,JP,1612894530
Tiksi,71.6872,128.8694,-16.53,82,43,3.94,RU,1612894530
Aklavik,68.2191,-135.0107,-38.2,67,1,2.3,CA,1612894530
Bambous Virieux,-20.3428,57.7575,80.01,73,20,6.91,MU,1612894530
Tucupita,9.0622,-62.051,86.14,55,100,6.06,VE,1612894531
Thompson,55.7435,-97.8558,-25.6,62,20,8.05,CA,1612894446
Omboué,-1.5746,9.2618,78.58,87,87,6.6,GA,1612894531
Wajid,3.8093,43.2471,82.69,26,79,13.2,SO,1612894531
Burnie,-41.0667,145.9167,53.01,70,90,13.06,AU,1612894532
Poya,-21.35,165.15,75.69,81,52,4.12,NC,1612894532
Bethel,41.3712,-73.414,30.0,86,90,4.61,US,1612894454
Kavieng,-2.5744,150.7967,82.29,78,75,9.86,PG,1612894478
Ahipara,-35.1667,173.1667,67.15,92,100,7.38,NZ,1612894532
Kisangani,0.5167,25.2,77.81,41,81,1.01,CD,1612894533
Port Elizabeth,-33.918,25.5701,71.01,83,0,1.01,ZA,1612894448
Hilo,19.7297,-155.09,68.0,68,90,3.44,US,1612894448
Itarema,-2.9248,-39.9167,81.28,78,100,6.35,BR,1612894533
Deer Lake,49.1667,-57.4316,28.4,80,75,12.66,CA,1612894533
Hasaki,35.7333,140.8333,32.0,55,20,4.61,JP,1612894480
Yellowknife,62.456,-114.3525,-9.99,69,75,19.57,CA,1612894324
Khatanga,71.9667,102.5,-21.03,84,0,9.04,RU,1612894456
Pinhão,-25.6956,-51.6597,80.13,32,51,2.33,BR,1612894533
Ormara,25.2088,64.6357,75.47,45,100,8.21,PK,1612894534
Manacapuru,-3.2997,-60.6206,84.2,74,75,5.75,BR,1612894534
Sistranda,63.7256,8.834,28.4,100,90,21.85,NO,1612894481
Hithadhoo,-0.6,73.0833,82.65,79,63,10.31,MV,1612894450
North Platte,41.1239,-100.7654,5.0,66,1,6.91,US,1612894401
Hobart,-42.8794,147.3294,51.01,76,90,5.75,AU,1612894389
Hong Kong,22.2855,114.1577,64.0,80,92,3.0,HK,1612894484
Chapais,49.7834,-74.8492,8.6,78,90,6.91,CA,1612894535
Sørland,67.667,12.6934,31.14,85,25,22.35,NO,1612894536
Imbituba,-28.24,-48.6703,80.6,69,20,11.5,BR,1612894536
Asău,46.4333,26.4,36.0,93,0,2.3,RO,1612894536
Limbang,4.75,115.0,78.8,89,75,3.44,MY,1612894536
Pangkalanbuun,-2.6833,111.6167,74.41,96,100,2.19,ID,1612894537
Sokoto,13.0609,5.239,80.82,13,0,8.81,NG,1612894444
Havre-St-Pierre,50.2334,-63.5986,17.6,57,1,19.57,CA,1612894537
Flinders,-34.5833,150.8552,64.0,91,92,1.01,AU,1612894446
Paita,-5.0892,-81.1144,86.0,48,0,12.66,PE,1612894537
Isangel,-19.55,169.2667,77.0,88,20,7.45,VU,1612894538
Soignies,50.579,4.0713,23.0,68,33,12.66,BE,1612894538
Maracaçumé,-2.0428,-45.9592,82.22,84,85,5.01,BR,1612894538
Avarua,-21.2078,-159.775,80.6,89,20,2.3,CK,1612894467
San Patricio,28.017,-97.5169,77.0,69,90,8.05,US,1612894455
Russell,32.3502,-85.1999,62.01,82,90,2.51,US,1612894504
Fagundes,-7.355,-35.775,87.8,45,75,11.5,BR,1612894538
Alice Springs,-23.7,133.8833,82.4,65,75,9.22,AU,1612894539
Karratha,-20.7377,116.8463,83.25,56,34,13.91,AU,1612894539
Upernavik,72.7868,-56.1549,10.96,76,12,1.1,GL,1612894466
Białogard,54.007,15.9875,21.0,71,64,3.91,PL,1612894539
Stettler,52.3168,-112.7186,-20.2,76,4,17.27,CA,1612894310
Paracuru,-3.41,-39.0306,82.0,76,79,14.0,BR,1612894346
Flin Flon,54.7682,-101.865,-16.6,63,75,12.66,CA,1612894291
Valleyview,55.0667,-117.2859,-29.2,68,34,10.36,CA,1612894451
Coyhaique,-45.5752,-72.0662,86.0,28,20,6.91,CL,1612894432
Heidenau,50.9722,13.8674,10.4,85,75,4.61,DE,1612894540
Loukhi,66.0764,33.0381,-0.44,93,11,3.18,RU,1612894540
Coquimbo,-29.9533,-71.3436,68.0,68,0,17.27,CL,1612894458
Ponta Delgada,37.7333,-25.6667,62.01,94,40,12.66,PT,1612894541
Esperance,-33.8667,121.9,60.8,72,0,6.91,AU,1612894467
Aasiaat,68.7098,-52.8699,12.13,88,0,8.37,GL,1612894542
Bo Rai,12.5728,102.5371,80.01,64,51,0.51,TH,1612894542
Port Blair,11.6667,92.75,75.2,70,0,9.73,IN,1612894542
San Quintín,30.4833,-115.95,58.06,72,98,5.57,MX,1612894542
Manggar,-2.8833,108.2667,78.98,86,92,8.5,ID,1612894543
Nome,64.5011,-165.4064,-0.4,42,1,10.36,US,1612894544
Zhangjiakou Shi Xuanhua Qu,40.6103,115.0447,31.73,79,0,4.32,CN,1612894544
George Town,5.4112,100.3354,82.99,83,20,3.44,MY,1612894372
Zabaykal'sk,49.6333,117.3167,5.7,92,1,3.49,RU,1612894545
Calabozo,8.9242,-67.4293,90.5,41,56,10.45,VE,1612894545
Ishim,56.1128,69.4902,-11.09,89,98,7.07,RU,1612894546
Carnarvon,-24.8667,113.6333,75.2,94,0,20.71,AU,1612894482
Black River,18.0264,-77.8487,82.4,69,20,16.11,JM,1612894546
Nyeri,-0.4201,36.9476,60.67,91,87,0.81,KE,1612894547
Ilulissat,69.2167,-51.1,21.2,49,1,5.75,GL,1612894474
Chiang Klang,19.2938,100.8617,60.87,73,19,2.84,TH,1612894547
Malia,35.2833,25.4667,61.0,77,20,9.22,GR,1612894548
Bambanglipuro,-7.95,110.2833,76.82,86,100,5.17,ID,1612894548
Lerwick,60.1545,-1.1494,32.0,59,40,19.57,GB,1612894549
Kavaratti,10.5669,72.642,81.43,67,1,10.92,IN,1612894463
Jizan,17.3333,42.6667,78.8,73,20,3.44,SA,1612894550
Sinnamary,5.3833,-52.95,81.25,71,99,12.21,GF,1612894550
Sept-Îles,50.2001,-66.3821,15.01,41,0,12.66,CA,1612894488
El Progreso,15.4,-87.8,90.0,51,20,4.61,HN,1612894550
Bengkulu,-3.8004,102.2655,75.97,89,100,4.5,ID,1612894328
Sakakah,29.9697,40.2064,60.8,51,40,11.5,SA,1612894551
Simbahan,6.3032,120.5836,81.39,79,11,1.07,PH,1612894551
Provideniya,64.3833,-173.3,-4.9,78,12,14.03,RU,1612894464
Matadi,-5.8167,13.45,75.11,89,100,2.68,CD,1612894471
Kapaa,22.0752,-159.319,66.2,68,90,10.36,US,1612894454
Aba,5.1066,7.3667,86.0,62,40,9.22,NG,1612894396
Yangi Marg`ilon,40.4272,71.7189,48.2,76,99,4.61,UZ,1612894552
Poção de Pedras,-4.6667,-44.85,77.4,90,99,3.27,BR,1612894552
Te Anau,-45.4167,167.7167,46.6,90,99,1.83,NZ,1612894553
Tura,25.5198,90.2201,59.99,35,0,2.1,IN,1612894513
Sitka,57.0531,-135.33,12.2,44,1,11.5,US,1612894471
Ludvika,60.1496,15.1878,14.0,85,59,6.91,SE,1612894553
Norman Wells,65.282,-126.8329,-43.6,73,20,3.44,CA,1612894485
Sabha,27.0377,14.4283,64.53,26,88,7.4,LY,1612894471
Hitachi,36.6,140.65,33.01,50,20,2.3,JP,1612894554
Luau,-10.7073,22.2247,68.67,96,96,3.89,AO,1612894554
Saint-Philippe,-21.3585,55.7679,80.6,74,0,17.27,RE,1612894476
Westport,41.1415,-73.3579,32.0,80,90,9.22,US,1612894333
Luxor,25.6989,32.6421,77.0,33,0,4.61,EG,1612894555
Port Augusta,-32.5,137.7667,75.0,63,0,5.75,AU,1612894556
Saint George,37.1041,-113.5841,55.0,34,1,3.44,US,1612894405
Saint-Pierre,-21.3393,55.4781,80.6,74,0,17.27,RE,1612894556
Vestmannaeyjar,63.4427,-20.2734,33.8,100,75,18.41,IS,1612894557
Tasiilaq,65.6145,-37.6368,17.6,57,75,16.11,GL,1612894468
Iskateley,67.6803,53.1512,-11.15,90,100,6.24,RU,1612894558
Geraldton,-28.7667,114.6,62.6,82,1,5.75,AU,1612894454
Pendra,22.7667,81.95,56.3,38,21,0.87,IN,1612894558
Kupang,-10.1667,123.5833,79.88,85,100,9.98,ID,1612894559
Fortuna,40.5982,-124.1573,50.0,100,20,4.61,US,1612894559
Tessalit,20.1986,1.0114,77.77,14,5,10.51,ML,1612894560
São Filipe,14.8961,-24.4956,71.35,75,78,10.36,CV,1612894452
Tomohon,1.3346,124.8392,77.0,94,20,1.14,ID,1612894560
Vaitape,-16.5167,-151.75,81.84,74,3,14.79,PF,1612894561
Northam,51.0333,-4.2167,33.01,73,100,11.99,GB,1612894561
Zhoukou,33.6333,114.6333,42.15,65,100,4.61,CN,1612894562
Bandarbeyla,9.4942,50.8122,75.74,70,25,23.6,SO,1612894562
Qaqortoq,60.7167,-46.0333,35.6,30,75,34.52,GL,1612894563
Phichit,16.25,100.4167,77.0,67,5,3.0,TH,1612894564
Hueyapan,18.8667,-98.6667,78.8,32,1,6.02,MX,1612894565
Grindavik,63.8424,-22.4338,33.8,69,90,10.36,IS,1612894565
Aitape,-3.1374,142.3475,77.97,84,75,4.52,PG,1612894566
Lompoc,34.6391,-120.4579,51.8,76,90,2.24,US,1612894566
Saldanha,-33.0117,17.9442,66.97,82,0,25.79,ZA,1612894474
Mirny,62.5353,113.9611,-15.0,89,100,10.2,RU,1612894566
Doha,25.2867,51.5333,68.0,73,0,9.22,QA,1612894567
Meulaboh,4.1363,96.1285,78.64,82,24,3.22,ID,1612894567
Liverpool,53.4106,-2.9779,32.0,74,40,12.66,GB,1612894536
Aljezur,37.3191,-8.8033,57.0,100,82,4.0,PT,1612894567
Cardston,49.2,-113.3019,-18.4,69,100,3.44,CA,1612894568
Caravelas,-17.7125,-39.2481,76.08,87,100,5.91,BR,1612894568
Tefé,-3.3542,-64.7114,80.6,83,75,9.22,BR,1612894569
Port Keats,-14.25,129.55,79.21,82,99,1.86,AU,1612894570
Kingsport,36.5484,-82.5618,51.01,81,90,3.51,US,1612894497
San Jose,37.3394,-121.895,55.0,76,90,1.59,US,1612894376
Semey,50.4111,80.2275,-4.58,85,48,11.81,KZ,1612894570
Ginda,30.6945,78.4932,47.35,49,87,4.27,IN,1612894571
Talnakh,69.4865,88.3972,-12.89,88,40,4.16,RU,1612894571
Zhezkazgan,47.8043,67.7144,-6.93,91,71,9.64,KZ,1612894571
Boguchany,58.3814,97.4531,5.02,91,93,8.16,RU,1612894571
Ossora,59.2353,163.0719,30.87,98,100,42.23,RU,1612894572
Henties Bay,-22.116,14.2845,68.0,86,12,6.17,NA,1612894573
Carutapera,-1.195,-46.02,87.12,60,100,10.11,BR,1612894573
Giohar,2.7809,45.5005,74.84,72,88,19.55,SO,1612894573
Birao,10.2849,22.7882,74.23,19,64,4.41,CF,1612894466
Totness,5.8833,-56.3167,82.8,65,99,12.62,SR,1612894573
Touros,-5.1989,-35.4608,87.8,58,40,17.27,BR,1612894574
Beyneu,45.3167,55.2,27.57,78,80,15.19,KZ,1612894575
Beloha,-25.1667,45.05,73.58,89,100,2.93,MG,1612894575
Yulara,-25.2406,130.9889,86.0,54,90,2.3,AU,1612894445
Forestville,38.8451,-76.875,52.0,53,20,6.91,US,1612894576
Chokurdakh,70.6333,147.9167,-11.34,88,13,4.38,RU,1612894464
Klaksvík,62.2266,-6.589,30.2,86,20,4.61,FO,1612894476
Usinsk,65.9939,57.5281,-23.96,87,90,0.43,RU,1612894576
Manado,1.487,124.8455,77.0,94,20,1.14,ID,1612894525
Coahuayana Viejo,18.7333,-103.6833,78.8,53,20,4.9,MX,1612894577
Riberalta,-10.9833,-66.1,82.4,78,75,9.22,BO,1612894578
Igrim,63.1906,64.4162,-25.24,86,81,3.65,RU,1612894578
Mosetse,-20.75,26.65,71.67,81,97,7.11,BW,1612894579
Nizhneudinsk,54.9076,99.0276,14.94,93,100,0.29,RU,1612894579
Sarakhs,36.5449,61.1577,59.0,47,2,4.61,IR,1612894579
Mumford,5.2618,-0.759,82.72,79,30,15.3,GH,1612894580
Hofn,64.2539,-15.2082,32.83,91,100,8.59,IS,1612894459
Muros,42.7762,-9.0603,51.01,82,79,3.0,ES,1612894474
Ipixuna,-1.7625,-48.8043,75.2,94,75,5.75,BR,1612894580
Bathsheba,13.2167,-59.5167,84.2,54,40,20.71,BB,1612894581
Kaohsiung City,22.6163,120.3133,66.2,77,75,3.44,TW,1612894581
Mezen',65.8522,44.24,-13.04,90,89,3.85,RU,1612894581
Ondjiva,-17.0667,15.7333,74.75,71,94,7.61,AO,1612894581
Chālūs,36.655,51.4204,50.0,93,40,4.61,IR,1612894478
Segovia,41.1667,-4.0,43.0,100,90,9.22,ES,1612894581
Tyrma,50.0833,132.1667,-12.33,88,61,1.83,RU,1612894582
Bairiki Village,1.3292,172.9752,80.6,83,40,10.36,KI,1612894582
Milton,34.1322,-84.3007,60.01,85,97,1.36,US,1612894433
Port-Gentil,-0.7193,8.7815,84.2,79,20,6.91,GA,1612894300
Wang Noi,14.2269,100.7155,78.8,78,40,6.91,TH,1612894582
São João da Barra,-21.6403,-41.0511,75.2,83,75,11.5,BR,1612894347
Feijó,-8.1642,-70.3536,86.65,73,95,2.71,BR,1612894583
Qinzhou,21.95,108.6167,58.73,87,96,9.6,CN,1612894583
Codrington,-38.2667,141.9667,55.42,92,0,8.84,AU,1612894476
Ibotirama,-12.1853,-43.2206,86.54,52,67,4.38,BR,1612894583
Tual,-5.6667,132.75,83.16,79,92,19.46,ID,1612894584
Tuy Hoa,13.0833,109.3,72.5,92,75,8.93,VN,1612894584
Half Moon Bay,37.4636,-122.4286,55.4,82,75,4.7,US,1612894583
Ṭikāpur,28.5,81.1333,59.72,52,88,3.58,NP,1612894585
Sur,22.5667,59.5289,72.19,66,99,10.85,OM,1612894481
Bonavista,48.6499,-53.1147,34.0,100,100,14.97,CA,1612894470
Cabedelo,-6.9811,-34.8339,89.6,58,20,16.11,BR,1612894585
Andros Town,24.7,-77.7667,80.6,69,75,13.8,BS,1612894516
Caxito,-8.5785,13.6643,80.6,78,75,4.61,AO,1612894585
Tambovka,50.0969,128.0489,-0.4,85,0,1.74,RU,1612894586
Ampanihy,-24.7,44.75,73.09,91,100,4.74,MG,1612894586
Kosonsoy,41.2561,71.5508,48.2,76,100,4.61,UZ,1612894586
Loreto,22.2667,-101.9667,70.52,21,0,4.07,MX,1612894587
San Cristobal,7.7669,-72.225,82.4,61,40,8.05,VE,1612894587
Kaniama,-7.5667,24.1833,69.46,94,90,2.06,CD,1612894587
Beringovskiy,63.05,179.3167,-7.28,91,99,10.36,RU,1612894452
Praia da Vitória,38.7333,-27.0667,64.4,82,75,20.94,PT,1612894587
Birin,26.8865,88.0718,48.34,67,0,3.71,NP,1612894587
Hambantota,6.1241,81.1185,75.34,75,52,18.14,LK,1612894588
Lakes Entrance,-37.8811,147.981,59.56,78,78,11.45,AU,1612894588
Jharsuguda,21.85,84.0333,62.2,30,5,4.03,IN,1612894588
Kovdor,67.5662,30.4758,3.29,94,93,2.06,RU,1612894588
Vila Velha,-20.3297,-40.2925,78.01,94,90,5.75,BR,1612894589
Haines Junction,60.7522,-137.5108,-41.8,60,74,2.3,CA,1612894589
Kongolo,-5.3833,27.0,73.78,86,87,1.83,CD,1612894589
High Prairie,55.4334,-116.4858,-29.2,68,90,10.36,CA,1612894589
Namanga,-2.5433,36.7905,67.44,85,75,10.51,KE,1612894589
Pakokku,21.3333,95.1,67.21,44,0,2.1,MM,1612894590
Pangnirtung,66.1451,-65.7125,8.6,78,20,4.61,CA,1612894472
Majene,-3.5403,118.9707,77.7,88,99,3.33,ID,1612894364
Cascais,38.6979,-9.4215,57.99,82,75,13.8,PT,1612894590
Keetmanshoop,-26.5833,18.1333,96.8,16,20,6.91,NA,1612894590
São José da Coroa Grande,-8.8978,-35.1478,84.07,60,35,9.42,BR,1612894591
Port Hardy,50.6996,-127.4199,33.8,80,75,6.91,CA,1612894502
Souillac,-20.5167,57.5167,78.8,73,20,6.91,MU,1612894591
Korla,41.7597,86.1469,30.76,85,16,4.21,CN,1612894591
Salto,-31.3833,-57.9667,81.0,57,75,11.5,UY,1612894591
Kirishi,59.4471,32.0205,4.95,93,100,3.44,RU,1612894591
Odda,60.0691,6.5457,21.99,55,77,5.01,NO,1612894592
Ponta do Sol,32.6667,-17.1,62.01,69,94,1.99,PT,1612894477
Nantucket,41.2835,-70.0995,32.0,100,90,9.22,US,1612894592
Otradnoye,59.7775,30.8181,7.0,85,96,4.47,RU,1612894592
Rosario,-32.9468,-60.6393,81.0,53,75,12.66,AR,1612894592
Nayoro,44.3506,142.4578,17.49,94,100,7.36,JP,1612894592
Kaeo,-35.1,173.7833,69.01,94,100,8.99,NZ,1612894592
Oranjemund,-28.55,16.4333,65.53,85,3,16.55,NA,1612894593
Eydhafushi,5.1033,73.0708,81.48,68,0,7.96,MV,1612894593
Salalah,17.0151,54.0924,77.0,65,0,1.57,OM,1612894594
Portland,45.5234,-122.6762,39.0,86,75,5.75,US,1612894491
Hvolsvollur,63.7533,-20.2243,33.8,100,75,18.41,IS,1612894594
Arman',59.7,150.1667,14.0,86,100,18.61,RU,1612894595
Atherton,53.5237,-2.4935,34.0,63,64,1.01,GB,1612894595
Garoowe,8.4054,48.4845,73.27,44,73,20.36,SO,1612894595
Cedar City,37.6775,-113.0619,48.2,27,90,13.8,US,1612894511
Tabou,4.423,-7.3528,82.27,78,33,7.16,CI,1612894595
Grand-Lahou,5.1367,-5.0242,81.86,81,5,9.22,CI,1612894595
Mizque,-17.941,-65.3402,69.3,65,99,9.51,BO,1612894596
Eagle Pass,28.7091,-100.4995,69.01,77,40,6.91,US,1612894596
Manakara,-22.1333,48.0167,76.73,90,100,5.48,MG,1612894596
Porto-Novo,6.4965,2.6036,86.0,79,20,12.66,BJ,1612894596
Cerchezu,43.8167,28.1,52.0,83,88,4.0,RO,1612894596
Jiaozuo,35.2397,113.2331,44.46,55,32,3.33,CN,1612894596
Rawson,-43.3002,-65.1023,80.87,30,95,28.1,AR,1612894464
Nagato,34.3833,131.2,39.2,70,20,3.44,JP,1612894597
Otane,-39.8833,176.6333,64.99,74,97,8.68,NZ,1612894597
Devils Lake,48.1128,-98.8651,-9.99,64,75,26.46,US,1612894598
Mount Isa,-20.7333,139.5,80.6,83,68,4.61,AU,1612894598
Tegul'det,57.3064,88.1667,-2.72,90,100,9.78,RU,1612894598
Yeppoon,-23.1333,150.7333,73.4,73,75,6.91,AU,1612894598
Yangambi,0.8102,24.4336,77.58,42,88,1.92,CD,1612894599
Naze,28.3667,129.4833,53.94,67,51,6.6,JP,1612894599
Vinh,18.6667,105.6667,61.03,88,97,4.12,VN,1612894507
Narsaq,60.9167,-46.05,35.6,30,75,34.52,GL,1612894599
Neryungri,56.6709,124.6491,0.52,89,79,3.27,RU,1612894599
Talcahuano,-36.7167,-73.1167,71.6,68,0,8.05,CL,1612894600
Biograd na Moru,43.9433,15.4519,57.0,82,75,3.44,HR,1612894600
Smolenka,52.1352,113.4974,8.6,85,94,1.88,RU,1612894600
Lázaro Cárdenas,17.9583,-102.2,81.86,55,3,7.34,MX,1612894600
West Plains,36.7281,-91.8524,27.0,86,90,6.91,US,1612894355
Nānākuli,21.3906,-158.1547,66.0,72,1,14.7,US,1612894601
Shubarshi,48.5872,57.1869,-9.29,84,95,6.31,KZ,1612894601
Žamberk,50.086,16.4674,21.99,85,92,2.13,CZ,1612894601
Belmonte,-15.8631,-38.8828,80.6,74,40,6.91,BR,1612894464
Port Macquarie,-31.4333,152.9167,63.0,100,75,8.05,AU,1612894602
Moose Factory,51.2585,-80.6094,-0.4,42,1,2.59,CA,1612894430
Thinadhoo,0.5333,72.9333,82.72,79,100,14.5,MV,1612894602
Cayenne,4.9333,-52.3333,84.2,61,75,11.5,GF,1612894456
Spornoye,50.8448,37.2913,19.4,93,90,4.47,RU,1612894603
Barranca,-10.75,-77.7667,76.44,67,53,10.09,PE,1612894603
Buluang,13.3068,123.3425,70.84,91,100,7.47,PH,1612894603
Alofi,-19.0595,-169.9187,77.0,94,100,5.75,NU,1612894452
La Sarre,48.8002,-79.1996,9.75,90,23,5.61,CA,1612894604
Sawākin,19.1059,37.3321,77.7,72,18,9.64,SD,1612894604
Bereda,43.2686,-7.5406,43.0,96,94,8.99,ES,1612894605
Baker City,44.7749,-117.8344,33.8,60,1,0.31,US,1612894605
Kloulklubed,7.0419,134.2556,77.0,88,90,5.75,PW,1612894605
Oltu,40.5498,42.0013,36.81,78,1,6.96,TR,1612894605
Vanderhoof,54.0166,-124.0198,-15.18,86,100,4.81,CA,1612894606
Jalu,29.0331,21.5482,63.91,26,48,7.34,LY,1612894607
Severo-Kuril'sk,50.6789,156.125,25.68,92,100,27.72,RU,1612894607
Varna,43.2167,27.9167,53.01,76,0,6.91,BG,1612894607
Tías,28.9611,-13.645,69.8,64,75,5.75,ES,1612894608
Naryan-Mar,67.6713,53.087,-11.11,90,100,6.17,RU,1612894323
Salina,38.8403,-97.6114,12.99,67,1,10.36,US,1612894354
Zemio,5.0314,25.1361,77.85,18,52,2.48,CF,1612894608
Shagonar,51.5333,92.8,19.67,95,100,0.25,RU,1612894609
Nara,34.6851,135.8049,37.99,80,24,1.59,JP,1612894609
Lokosovo,61.1333,74.8167,-11.81,90,95,4.92,RU,1612894609
Vilhena,-12.7406,-60.1458,80.6,78,75,6.91,BR,1612894610
Sittwe,20.15,92.9,68.18,53,0,8.12,MM,1612894610
Kazachinskoye,57.6953,93.2761,0.68,89,100,7.49,RU,1612894611
Taclobo,12.3074,122.586,76.32,88,99,15.68,PH,1612894611
Bjørnevatn,69.6672,29.9847,19.4,79,40,14.97,NO,1612894612
Yurimaguas,-5.9,-76.0833,89.6,62,40,5.75,PE,1612894612
Ayabaca,-4.6398,-79.7149,60.4,97,42,6.73,PE,1612894613
Troitskoye,52.9821,84.6757,2.07,89,57,14.81,RU,1612894613
Hamilton,39.1834,-84.5333,30.99,74,90,6.91,US,1612894595
Turtas,58.9417,69.1325,-19.25,88,89,4.47,RU,1612894614
Scottsbluff,41.8666,-103.6672,10.0,72,90,11.5,US,1612894435
Correntina,-13.3433,-44.6367,84.2,58,40,3.36,BR,1612894615
Saint-François,46.4154,3.9054,39.2,87,90,9.22,FR,1612894468
Isabela,6.7085,121.9711,77.0,94,20,4.05,PH,1612894396
Constitución,-35.3333,-72.4167,71.74,61,4,7.47,CL,1612894615
Libertador General San Martín,-23.8064,-64.7876,68.0,96,100,0.89,AR,1612894616
Serowe,-22.3833,26.7167,70.59,67,94,5.37,BW,1612894616
Palencia,42.4167,-4.5,41.0,82,98,7.0,ES,1612894617
Sarāhan,31.5167,77.8,42.67,57,39,4.88,IN,1612894618
Cockburn Town,21.4612,-71.1419,80.6,69,40,16.11,TC,1612894618
Myitkyina,25.3833,97.4,59.22,63,0,2.26,MM,1612894619
Payson,40.0444,-111.7321,45.0,52,90,5.75,US,1612894450
Guerrero Negro,27.9769,-114.0611,64.72,57,36,6.35,MX,1612894474
Bad Dürkheim,49.4686,8.1664,24.01,70,67,14.0,DE,1612894620
Qaryat Sulūq,31.6682,20.2521,60.17,55,0,4.0,LY,1612894620
Pelym,61.0108,61.9978,-20.34,84,60,4.65,RU,1612894621
Grand Baie,-20.0182,57.5802,80.01,72,31,5.01,MU,1612894621
Iracoubo,5.4802,-53.2011,80.85,71,88,12.28,GF,1612894622
Makakilo City,21.3469,-158.0858,68.0,72,1,13.24,US,1612894622
Kununurra,-15.7667,128.7333,73.4,100,75,5.75,AU,1612894623
Kīhei,20.785,-156.4656,68.0,77,75,9.22,US,1612894624
Algiers,36.7525,3.042,60.8,67,75,4.61,DZ,1612894423
Kumul,42.8,93.45,35.96,70,91,3.15,CN,1612894624
Auki,-8.7676,160.7034,78.53,87,80,10.71,SB,1612894521
Bānkura,23.25,87.0667,65.64,30,2,3.51,IN,1612894624
Verkhnevilyuysk,63.4453,120.3167,-28.35,85,24,4.43,RU,1612894625
Santiago del Estero,-27.7951,-64.2615,71.01,83,100,5.99,AR,1612894470
Mitú,1.1983,-70.1733,84.0,82,88,3.74,CO,1612894626
Ajuchitlán,20.7167,-100.0167,69.8,30,1,3.27,MX,1612894626
Vranov nad Dyjí,48.8947,15.8127,32.0,97,100,2.95,CZ,1612894626
Arlit,18.7369,7.3853,77.76,12,25,7.85,NE,1612894626
Bedelē,8.456,36.353,63.63,44,86,4.18,ET,1612894627
Kiryat Gat,31.61,34.7642,66.0,41,0,2.37,IL,1612894469
Khovd,48.0056,91.6419,33.73,76,60,21.94,MN,1612894627
Gizo Government Station,-8.103,156.8419,82.38,76,89,11.65,SB,1612894627
Ventspils,57.3894,21.5606,17.6,93,0,9.22,LV,1612894467
Kodinsk,58.6881,99.1844,1.92,91,83,5.23,RU,1612894628
Vera Cruz,-12.6333,-41.0333,82.63,60,78,5.3,BR,1612894628
Garibaldi,-29.2561,-51.5336,89.01,40,59,1.1,BR,1612894629
Oromocto,45.8351,-66.4792,21.99,42,20,10.36,CA,1612894427
Fivizzano,44.2383,10.126,55.4,82,40,5.75,IT,1612894630
Mattru,7.6244,-11.8332,86.67,57,23,10.63,SL,1612894630
Camaná,-16.6228,-72.7111,76.21,69,99,8.7,PE,1612894630
Avera,33.194,-82.5271,64.0,82,90,6.91,US,1612894630
Tezu,27.9167,96.1667,61.43,38,0,4.14,IN,1612894630
San Jerónimo,-11.9472,-75.2829,63.81,49,64,1.28,PE,1612894631
Tautira,-17.7333,-149.15,82.4,65,20,2.3,PF,1612894476
Husavik,66.0449,-17.3389,24.8,93,90,2.3,IS,1612894632
Igarka,67.4667,86.5833,-0.98,92,100,11.99,RU,1612894632
Palmares do Sul,-30.2578,-50.5097,81.36,63,0,14.16,BR,1612894632
Lagoa,39.05,-27.9833,61.16,89,100,33.15,PT,1612894482
Mwinilunga,-11.7358,24.4293,66.04,96,92,4.68,ZM,1612894633
Jamame,0.0722,42.7506,77.38,79,39,13.13,SO,1612894633
Brae,60.3964,-1.353,32.0,59,40,19.57,GB,1612894633
Aldan,58.6031,125.3894,1.15,94,100,0.56,RU,1612894634
Xinmin,41.9908,122.8253,28.4,64,0,6.71,CN,1612894587
Manadhoo,5.7667,73.3833,82.04,67,0,7.7,MV,1612894634
Petropavlovsk-Kamchatskiy,53.0452,158.6483,24.8,100,90,6.71,RU,1612894634
Bluefield,37.2698,-81.2223,48.99,66,90,10.36,US,1612894634
San Carlos,9.6612,-68.5827,92.01,39,50,2.95,VE,1612894634
Wanning,18.8003,110.3967,63.14,91,100,14.97,CN,1612894635
Zonguldak,41.25,31.8333,49.68,72,67,2.1,TR,1612894635
Poronaysk,49.2167,143.1167,6.24,89,99,5.86,RU,1612894635
Meïganga,6.5167,14.3,73.76,19,81,6.08,CM,1612894635
Katobu,-4.9408,122.5276,75.9,88,94,1.19,ID,1612894636
Beruwala,6.4788,79.9828,74.61,82,39,9.13,LK,1612894636
Aksu,41.1231,80.2644,31.82,84,95,2.24,CN,1612894637
Kamenka,51.3223,42.7678,9.0,89,100,8.99,RU,1612894638
Clarksburg,39.2807,-80.3445,34.0,86,90,4.61,US,1612894503
Lindsay,36.203,-119.0882,57.0,62,1,3.44,US,1612894638
Basco,20.4487,121.9702,73.24,75,86,25.66,PH,1612894638
Dwārka,22.2394,68.9678,70.41,70,50,11.18,IN,1612894639
Hidalgo,20.5,-99.0,69.96,36,2,4.9,MX,1612894639
Taltal,-25.4,-70.4833,70.84,63,15,7.63,CL,1612894640
Iqaluit,63.7506,-68.5145,10.4,72,40,2.3,CA,1612894623
Padang,-0.9492,100.3543,77.0,88,20,2.3,ID,1612894336
Strezhevoy,60.7333,77.5889,-11.2,77,75,4.47,RU,1612894640
Santiago de María,13.4833,-88.4667,95.0,31,0,4.61,SV,1612894640
Hirado,33.3597,129.5531,41.0,65,42,3.0,JP,1612894640
Martapura,-3.4167,114.85,78.8,100,75,3.44,ID,1612894641
Esso,55.9333,158.7,21.06,93,92,15.19,RU,1612894641
Kieta,-6.2167,155.6333,79.79,84,100,8.93,PG,1612894641
Hāngal,14.7667,75.1333,69.48,32,0,7.4,IN,1612894641
Policoro,40.2115,16.6726,57.2,67,0,11.5,IT,1612894642
Gudāri,19.35,83.7833,61.27,68,61,0.43,IN,1612894642
Ulaangom,49.9811,92.0667,4.82,90,81,5.82,MN,1612894642
Issenye,-2.0,34.3333,68.22,86,99,2.48,TZ,1612894642
Chara,56.9064,118.2631,3.52,78,27,1.03,RU,1612894642
Yahotyn,50.2798,31.7625,19.4,86,75,4.47,UA,1612894642
Lagos,6.5833,3.75,87.8,70,20,5.75,NG,1612894484
Santiago,-33.4569,-70.6483,88.0,23,20,6.91,CL,1612894643
Ostrovnoy,68.0531,39.5131,2.5,86,55,5.61,RU,1612894643
Okhotsk,59.3833,143.3,9.25,87,92,22.19,RU,1612894643
Inhambane,-23.865,35.3833,82.4,83,75,6.91,MZ,1612894643
Solano,38.2333,-121.9511,59.0,76,20,12.66,US,1612894643
Port Moresby,-9.4431,147.1797,77.0,94,75,3.44,PG,1612894643
Krasnosel'kup,65.7,82.4667,-10.53,88,100,15.61,RU,1612894644
Ngunguru,-35.6167,174.5,69.01,94,100,8.99,NZ,1612894644
Necochea,-38.5473,-58.7368,71.01,59,91,10.0,AR,1612894644
Santa Cruz de la Sierra,-17.8,-63.1667,73.4,88,90,14.97,BO,1612894644
Jocón,15.2833,-86.9667,80.6,74,40,6.91,HN,1612894645
Santa Fe,-31.6333,-60.7,84.0,44,100,5.99,AR,1612894645
Nicoya,10.1483,-85.452,89.6,43,0,19.57,CR,1612894440
Mahajanga,-15.7167,46.3167,78.8,89,40,6.91,MG,1612894645
Valparaíso,-33.0393,-71.6273,69.8,60,0,5.75,CL,1612894386
Mahébourg,-20.4081,57.7,78.8,73,20,6.91,MU,1612894459
Minden,52.2833,8.9167,10.99,85,75,2.3,DE,1612894646
Traverse City,44.7631,-85.6206,10.99,61,90,6.91,US,1612894524
Lüderitz,-26.6481,15.1594,69.69,71,5,11.77,NA,1612894646
Omsukchan,62.5333,155.8,-1.55,89,59,10.67,RU,1612894646
Iranshahr,27.2025,60.6848,66.2,22,0,4.61,IR,1612894646
Burns Lake,54.2331,-125.7533,-9.4,64,100,4.61,CA,1612894504
Ferrol,43.4832,-8.2369,48.99,70,84,8.01,ES,1612894647
Baiyin,36.5583,104.2081,33.01,33,0,8.95,CN,1612894647
Huarmey,-10.0681,-78.1522,77.16,65,60,10.18,PE,1612894647
Tumaco,1.7986,-78.8156,80.87,82,73,6.29,CO,1612894648
Maroua,10.591,14.3159,75.69,17,24,5.61,CM,1612894648
Biak,-0.9131,122.8766,77.68,80,87,1.54,ID,1612894649
Honiton,50.7996,-3.189,32.0,66,97,8.01,GB,1612894365
Kayerkan,69.3497,87.7602,-17.57,88,76,5.41,RU,1612894649
Boyolangu,-8.1181,111.8935,75.72,88,100,2.51,ID,1612894649
Hervey Bay,-25.2986,152.8535,71.01,72,0,1.01,AU,1612894649
Mound,44.9366,-93.6661,7.0,68,70,8.99,US,1612894649
Warrnambool,-38.3833,142.4833,57.99,90,0,1.01,AU,1612894650
Cortez,37.3489,-108.5859,51.8,25,40,4.5,US,1612894650
Grand Island,40.925,-98.342,3.99,71,1,4.61,US,1612894650
Puerto Escondido,15.85,-97.0667,86.0,74,20,8.05,MX,1612894650
